"yearID","teamID","name","G","R","RA","W","L","WinPct"
2006,"ARI","Arizona Diamondbacks",162,773,788,76,86,0.469135802469136
2006,"ATL","Atlanta Braves",162,849,805,79,83,0.487654320987654
2006,"BAL","Baltimore Orioles",162,768,899,70,92,0.432098765432099
2006,"BOS","Boston Red Sox",162,820,825,86,76,0.530864197530864
2006,"CHA","Chicago White Sox",162,868,794,90,72,0.555555555555556
2006,"CHN","Chicago Cubs",162,716,834,66,96,0.407407407407407
2006,"CIN","Cincinnati Reds",162,749,801,80,82,0.493827160493827
2006,"CLE","Cleveland Indians",162,870,782,78,84,0.481481481481481
2006,"COL","Colorado Rockies",162,813,812,76,86,0.469135802469136
2006,"DET","Detroit Tigers",162,822,675,95,67,0.58641975308642
2006,"FLO","Florida Marlins",162,758,772,78,84,0.481481481481481
2006,"HOU","Houston Astros",162,735,719,82,80,0.506172839506173
2006,"KCA","Kansas City Royals",162,757,971,62,100,0.382716049382716
2006,"LAA","Los Angeles Angels of Anaheim",162,766,732,89,73,0.549382716049383
2006,"LAN","Los Angeles Dodgers",162,820,751,88,74,0.54320987654321
2006,"MIL","Milwaukee Brewers",162,730,833,75,87,0.462962962962963
2006,"MIN","Minnesota Twins",162,801,683,96,66,0.592592592592593
2006,"NYA","New York Yankees",162,930,767,97,65,0.598765432098765
2006,"NYN","New York Mets",162,834,731,97,65,0.598765432098765
2006,"OAK","Oakland Athletics",162,771,727,93,69,0.574074074074074
2006,"PHI","Philadelphia Phillies",162,865,812,85,77,0.524691358024691
2006,"PIT","Pittsburgh Pirates",162,691,797,67,95,0.41358024691358
2006,"SDN","San Diego Padres",162,731,679,88,74,0.54320987654321
2006,"SEA","Seattle Mariners",162,756,792,78,84,0.481481481481481
2006,"SFN","San Francisco Giants",161,746,790,76,85,0.472049689440994
2006,"SLN","St. Louis Cardinals",161,781,762,83,78,0.515527950310559
2006,"TBA","Tampa Bay Devil Rays",162,689,856,61,101,0.376543209876543
2006,"TEX","Texas Rangers",162,835,784,80,82,0.493827160493827
2006,"TOR","Toronto Blue Jays",162,809,754,87,75,0.537037037037037
2006,"WAS","Washington Nationals",162,746,872,71,91,0.438271604938272
2007,"ARI","Arizona Diamondbacks",162,712,732,90,72,0.555555555555556
2007,"ATL","Atlanta Braves",162,810,733,84,78,0.518518518518518
2007,"BAL","Baltimore Orioles",162,756,868,69,93,0.425925925925926
2007,"BOS","Boston Red Sox",162,867,657,96,66,0.592592592592593
2007,"CHA","Chicago White Sox",162,693,839,72,90,0.444444444444444
2007,"CHN","Chicago Cubs",162,752,690,85,77,0.524691358024691
2007,"CIN","Cincinnati Reds",162,783,853,72,90,0.444444444444444
2007,"CLE","Cleveland Indians",162,811,704,96,66,0.592592592592593
2007,"COL","Colorado Rockies",163,860,758,90,73,0.552147239263804
2007,"DET","Detroit Tigers",162,887,797,88,74,0.54320987654321
2007,"FLO","Florida Marlins",162,790,891,71,91,0.438271604938272
2007,"HOU","Houston Astros",162,723,813,73,89,0.450617283950617
2007,"KCA","Kansas City Royals",162,706,778,69,93,0.425925925925926
2007,"LAA","Los Angeles Angels of Anaheim",162,822,731,94,68,0.580246913580247
2007,"LAN","Los Angeles Dodgers",162,735,727,82,80,0.506172839506173
2007,"MIL","Milwaukee Brewers",162,801,776,83,79,0.512345679012346
2007,"MIN","Minnesota Twins",162,718,725,79,83,0.487654320987654
2007,"NYA","New York Yankees",162,968,777,94,68,0.580246913580247
2007,"NYN","New York Mets",162,804,750,88,74,0.54320987654321
2007,"OAK","Oakland Athletics",162,741,758,76,86,0.469135802469136
2007,"PHI","Philadelphia Phillies",162,892,821,89,73,0.549382716049383
2007,"PIT","Pittsburgh Pirates",162,724,846,68,94,0.419753086419753
2007,"SDN","San Diego Padres",163,741,666,89,74,0.54601226993865
2007,"SEA","Seattle Mariners",162,794,813,88,74,0.54320987654321
2007,"SFN","San Francisco Giants",162,683,720,71,91,0.438271604938272
2007,"SLN","St. Louis Cardinals",162,725,829,78,84,0.481481481481481
2007,"TBA","Tampa Bay Devil Rays",162,782,944,66,96,0.407407407407407
2007,"TEX","Texas Rangers",162,816,844,75,87,0.462962962962963
2007,"TOR","Toronto Blue Jays",162,753,699,83,79,0.512345679012346
2007,"WAS","Washington Nationals",162,673,783,73,89,0.450617283950617
2008,"ARI","Arizona Diamondbacks",162,720,706,82,80,0.506172839506173
2008,"ATL","Atlanta Braves",162,753,778,72,90,0.444444444444444
2008,"BAL","Baltimore Orioles",161,782,869,68,93,0.422360248447205
2008,"BOS","Boston Red Sox",162,845,694,95,67,0.58641975308642
2008,"CHA","Chicago White Sox",163,811,729,89,74,0.54601226993865
2008,"CHN","Chicago Cubs",161,855,671,97,64,0.60248447204969
2008,"CIN","Cincinnati Reds",162,704,800,74,88,0.45679012345679
2008,"CLE","Cleveland Indians",162,805,761,81,81,0.5
2008,"COL","Colorado Rockies",162,747,822,74,88,0.45679012345679
2008,"DET","Detroit Tigers",162,821,857,74,88,0.45679012345679
2008,"FLO","Florida Marlins",161,770,767,84,77,0.521739130434783
2008,"HOU","Houston Astros",161,712,743,86,75,0.53416149068323
2008,"KCA","Kansas City Royals",162,691,781,75,87,0.462962962962963
2008,"LAA","Los Angeles Angels of Anaheim",162,765,697,100,62,0.617283950617284
2008,"LAN","Los Angeles Dodgers",162,700,648,84,78,0.518518518518518
2008,"MIL","Milwaukee Brewers",162,750,689,90,72,0.555555555555556
2008,"MIN","Minnesota Twins",163,829,745,88,75,0.539877300613497
2008,"NYA","New York Yankees",162,789,727,89,73,0.549382716049383
2008,"NYN","New York Mets",162,799,715,89,73,0.549382716049383
2008,"OAK","Oakland Athletics",161,646,690,75,86,0.46583850931677
2008,"PHI","Philadelphia Phillies",162,799,680,92,70,0.567901234567901
2008,"PIT","Pittsburgh Pirates",162,735,884,67,95,0.41358024691358
2008,"SDN","San Diego Padres",162,637,764,63,99,0.388888888888889
2008,"SEA","Seattle Mariners",162,671,811,61,101,0.376543209876543
2008,"SFN","San Francisco Giants",162,640,759,72,90,0.444444444444444
2008,"SLN","St. Louis Cardinals",162,779,725,86,76,0.530864197530864
2008,"TBA","Tampa Bay Rays",162,774,671,97,65,0.598765432098765
2008,"TEX","Texas Rangers",162,901,967,79,83,0.487654320987654
2008,"TOR","Toronto Blue Jays",162,714,610,86,76,0.530864197530864
2008,"WAS","Washington Nationals",161,641,825,59,102,0.366459627329193
2009,"ARI","Arizona Diamondbacks",162,720,782,70,92,0.432098765432099
2009,"ATL","Atlanta Braves",162,735,641,86,76,0.530864197530864
2009,"BAL","Baltimore Orioles",162,741,876,64,98,0.395061728395062
2009,"BOS","Boston Red Sox",162,872,736,95,67,0.58641975308642
2009,"CHA","Chicago White Sox",162,724,732,79,83,0.487654320987654
2009,"CHN","Chicago Cubs",161,707,672,83,78,0.515527950310559
2009,"CIN","Cincinnati Reds",162,673,723,78,84,0.481481481481481
2009,"CLE","Cleveland Indians",162,773,865,65,97,0.401234567901235
2009,"COL","Colorado Rockies",162,804,715,92,70,0.567901234567901
2009,"DET","Detroit Tigers",163,743,745,86,77,0.52760736196319
2009,"FLO","Florida Marlins",162,772,766,87,75,0.537037037037037
2009,"HOU","Houston Astros",162,643,770,74,88,0.45679012345679
2009,"KCA","Kansas City Royals",162,686,842,65,97,0.401234567901235
2009,"LAA","Los Angeles Angels of Anaheim",162,883,761,97,65,0.598765432098765
2009,"LAN","Los Angeles Dodgers",162,780,611,95,67,0.58641975308642
2009,"MIL","Milwaukee Brewers",162,785,818,80,82,0.493827160493827
2009,"MIN","Minnesota Twins",163,817,765,87,76,0.533742331288344
2009,"NYA","New York Yankees",162,915,753,103,59,0.635802469135803
2009,"NYN","New York Mets",162,671,757,70,92,0.432098765432099
2009,"OAK","Oakland Athletics",162,759,761,75,87,0.462962962962963
2009,"PHI","Philadelphia Phillies",162,820,709,93,69,0.574074074074074
2009,"PIT","Pittsburgh Pirates",161,636,768,62,99,0.385093167701863
2009,"SDN","San Diego Padres",162,638,769,75,87,0.462962962962963
2009,"SEA","Seattle Mariners",162,640,692,85,77,0.524691358024691
2009,"SFN","San Francisco Giants",162,657,611,88,74,0.54320987654321
2009,"SLN","St. Louis Cardinals",162,730,640,91,71,0.561728395061728
2009,"TBA","Tampa Bay Rays",162,803,754,84,78,0.518518518518518
2009,"TEX","Texas Rangers",162,784,740,87,75,0.537037037037037
2009,"TOR","Toronto Blue Jays",162,798,771,75,87,0.462962962962963
2009,"WAS","Washington Nationals",162,710,874,59,103,0.364197530864198
2010,"ARI","Arizona Diamondbacks",162,713,836,65,97,0.401234567901235
2010,"ATL","Atlanta Braves",162,738,629,91,71,0.561728395061728
2010,"BAL","Baltimore Orioles",162,613,785,66,96,0.407407407407407
2010,"BOS","Boston Red Sox",162,818,744,89,73,0.549382716049383
2010,"CHA","Chicago White Sox",162,752,704,88,74,0.54320987654321
2010,"CHN","Chicago Cubs",162,685,767,75,87,0.462962962962963
2010,"CIN","Cincinnati Reds",162,790,685,91,71,0.561728395061728
2010,"CLE","Cleveland Indians",162,646,752,69,93,0.425925925925926
2010,"COL","Colorado Rockies",162,770,717,83,79,0.512345679012346
2010,"DET","Detroit Tigers",162,751,743,81,81,0.5
2010,"FLO","Florida Marlins",162,719,717,80,82,0.493827160493827
2010,"HOU","Houston Astros",162,611,729,76,86,0.469135802469136
2010,"KCA","Kansas City Royals",162,676,845,67,95,0.41358024691358
2010,"LAA","Los Angeles Angels of Anaheim",162,681,702,80,82,0.493827160493827
2010,"LAN","Los Angeles Dodgers",162,667,692,80,82,0.493827160493827
2010,"MIL","Milwaukee Brewers",162,750,804,77,85,0.475308641975309
2010,"MIN","Minnesota Twins",162,781,671,94,68,0.580246913580247
2010,"NYA","New York Yankees",162,859,693,95,67,0.58641975308642
2010,"NYN","New York Mets",162,656,652,79,83,0.487654320987654
2010,"OAK","Oakland Athletics",162,663,626,81,81,0.5
2010,"PHI","Philadelphia Phillies",162,772,640,97,65,0.598765432098765
2010,"PIT","Pittsburgh Pirates",162,587,866,57,105,0.351851851851852
2010,"SDN","San Diego Padres",162,665,581,90,72,0.555555555555556
2010,"SEA","Seattle Mariners",162,513,698,61,101,0.376543209876543
2010,"SFN","San Francisco Giants",162,697,583,92,70,0.567901234567901
2010,"SLN","St. Louis Cardinals",162,736,641,86,76,0.530864197530864
2010,"TBA","Tampa Bay Rays",162,802,649,96,66,0.592592592592593
2010,"TEX","Texas Rangers",162,787,687,90,72,0.555555555555556
2010,"TOR","Toronto Blue Jays",162,755,728,85,77,0.524691358024691
2010,"WAS","Washington Nationals",162,655,742,69,93,0.425925925925926
2011,"ARI","Arizona Diamondbacks",162,731,662,94,68,0.580246913580247
2011,"ATL","Atlanta Braves",162,641,605,89,73,0.549382716049383
2011,"BAL","Baltimore Orioles",162,708,860,69,93,0.425925925925926
2011,"BOS","Boston Red Sox",162,875,737,90,72,0.555555555555556
2011,"CHA","Chicago White Sox",162,654,706,79,83,0.487654320987654
2011,"CHN","Chicago Cubs",162,654,756,71,91,0.438271604938272
2011,"CIN","Cincinnati Reds",162,735,720,79,83,0.487654320987654
2011,"CLE","Cleveland Indians",162,704,760,80,82,0.493827160493827
2011,"COL","Colorado Rockies",162,735,774,73,89,0.450617283950617
2011,"DET","Detroit Tigers",162,787,711,95,67,0.58641975308642
2011,"FLO","Florida Marlins",162,625,702,72,90,0.444444444444444
2011,"HOU","Houston Astros",162,615,796,56,106,0.345679012345679
2011,"KCA","Kansas City Royals",162,730,762,71,91,0.438271604938272
2011,"LAA","Los Angeles Angels of Anaheim",162,667,633,86,76,0.530864197530864
2011,"LAN","Los Angeles Dodgers",161,644,612,82,79,0.509316770186335
2011,"MIL","Milwaukee Brewers",162,721,638,96,66,0.592592592592593
2011,"MIN","Minnesota Twins",162,619,804,63,99,0.388888888888889
2011,"NYA","New York Yankees",162,867,657,97,65,0.598765432098765
2011,"NYN","New York Mets",162,718,742,77,85,0.475308641975309
2011,"OAK","Oakland Athletics",162,645,679,74,88,0.45679012345679
2011,"PHI","Philadelphia Phillies",162,713,529,102,60,0.62962962962963
2011,"PIT","Pittsburgh Pirates",162,610,712,72,90,0.444444444444444
2011,"SDN","San Diego Padres",162,593,611,71,91,0.438271604938272
2011,"SEA","Seattle Mariners",162,556,675,67,95,0.41358024691358
2011,"SFN","San Francisco Giants",162,570,578,86,76,0.530864197530864
2011,"SLN","St. Louis Cardinals",162,762,692,90,72,0.555555555555556
2011,"TBA","Tampa Bay Rays",162,707,614,91,71,0.561728395061728
2011,"TEX","Texas Rangers",162,855,677,96,66,0.592592592592593
2011,"TOR","Toronto Blue Jays",162,743,761,81,81,0.5
2011,"WAS","Washington Nationals",161,624,643,80,81,0.496894409937888
2012,"ARI","Arizona Diamondbacks",162,734,688,81,81,0.5
2012,"ATL","Atlanta Braves",162,700,600,94,68,0.580246913580247
2012,"BAL","Baltimore Orioles",162,712,705,93,69,0.574074074074074
2012,"BOS","Boston Red Sox",162,734,806,69,93,0.425925925925926
2012,"CHA","Chicago White Sox",162,748,676,85,77,0.524691358024691
2012,"CHN","Chicago Cubs",162,613,759,61,101,0.376543209876543
2012,"CIN","Cincinnati Reds",162,669,588,97,65,0.598765432098765
2012,"CLE","Cleveland Indians",162,667,845,68,94,0.419753086419753
2012,"COL","Colorado Rockies",162,758,890,64,98,0.395061728395062
2012,"DET","Detroit Tigers",162,726,670,88,74,0.54320987654321
2012,"HOU","Houston Astros",162,583,794,55,107,0.339506172839506
2012,"KCA","Kansas City Royals",162,676,746,72,90,0.444444444444444
2012,"LAA","Los Angeles Angels of Anaheim",162,767,699,89,73,0.549382716049383
2012,"LAN","Los Angeles Dodgers",162,637,597,86,76,0.530864197530864
2012,"MIA","Miami Marlins",162,609,724,69,93,0.425925925925926
2012,"MIL","Milwaukee Brewers",162,776,733,83,79,0.512345679012346
2012,"MIN","Minnesota Twins",162,701,832,66,96,0.407407407407407
2012,"NYA","New York Yankees",162,804,668,95,67,0.58641975308642
2012,"NYN","New York Mets",162,650,709,74,88,0.45679012345679
2012,"OAK","Oakland Athletics",162,713,614,94,68,0.580246913580247
2012,"PHI","Philadelphia Phillies",162,684,680,81,81,0.5
2012,"PIT","Pittsburgh Pirates",162,651,674,79,83,0.487654320987654
2012,"SDN","San Diego Padres",162,651,710,76,86,0.469135802469136
2012,"SEA","Seattle Mariners",162,619,651,75,87,0.462962962962963
2012,"SFN","San Francisco Giants",162,718,649,94,68,0.580246913580247
2012,"SLN","St. Louis Cardinals",162,765,648,88,74,0.54320987654321
2012,"TBA","Tampa Bay Rays",162,697,577,90,72,0.555555555555556
2012,"TEX","Texas Rangers",162,808,707,93,69,0.574074074074074
2012,"TOR","Toronto Blue Jays",162,716,784,73,89,0.450617283950617
2012,"WAS","Washington Nationals",162,731,594,98,64,0.604938271604938
2013,"ARI","Arizona Diamondbacks",162,685,695,81,81,0.5
2013,"ATL","Atlanta Braves",162,688,548,96,66,0.592592592592593
2013,"BAL","Baltimore Orioles",162,745,709,85,77,0.524691358024691
2013,"BOS","Boston Red Sox",162,853,656,97,65,0.598765432098765
2013,"CHA","Chicago White Sox",162,598,723,63,99,0.388888888888889
2013,"CHN","Chicago Cubs",162,602,689,66,96,0.407407407407407
2013,"CIN","Cincinnati Reds",162,698,589,90,72,0.555555555555556
2013,"CLE","Cleveland Indians",162,745,662,92,70,0.567901234567901
2013,"COL","Colorado Rockies",162,706,760,74,88,0.45679012345679
2013,"DET","Detroit Tigers",162,796,624,93,69,0.574074074074074
2013,"HOU","Houston Astros",162,610,848,51,111,0.314814814814815
2013,"KCA","Kansas City Royals",162,648,601,86,76,0.530864197530864
2013,"LAA","Los Angeles Angels of Anaheim",162,733,737,78,84,0.481481481481481
2013,"LAN","Los Angeles Dodgers",162,649,582,92,70,0.567901234567901
2013,"MIA","Miami Marlins",162,513,646,62,100,0.382716049382716
2013,"MIL","Milwaukee Brewers",162,640,687,74,88,0.45679012345679
2013,"MIN","Minnesota Twins",162,614,788,66,96,0.407407407407407
2013,"NYA","New York Yankees",162,650,671,85,77,0.524691358024691
2013,"NYN","New York Mets",162,619,684,74,88,0.45679012345679
2013,"OAK","Oakland Athletics",162,767,625,96,66,0.592592592592593
2013,"PHI","Philadelphia Phillies",162,610,749,73,89,0.450617283950617
2013,"PIT","Pittsburgh Pirates",162,634,577,94,68,0.580246913580247
2013,"SDN","San Diego Padres",162,618,700,76,86,0.469135802469136
2013,"SEA","Seattle Mariners",162,624,754,71,91,0.438271604938272
2013,"SFN","San Francisco Giants",162,629,691,76,86,0.469135802469136
2013,"SLN","St. Louis Cardinals",162,783,596,97,65,0.598765432098765
2013,"TBA","Tampa Bay Rays",163,700,646,92,71,0.56441717791411
2013,"TEX","Texas Rangers",163,730,636,91,72,0.558282208588957
2013,"TOR","Toronto Blue Jays",162,712,756,74,88,0.45679012345679
2013,"WAS","Washington Nationals",162,656,626,86,76,0.530864197530864
2014,"ARI","Arizona Diamondbacks",162,615,742,64,98,0.395061728395062
2014,"ATL","Atlanta Braves",162,573,597,79,83,0.487654320987654
2014,"BAL","Baltimore Orioles",162,705,593,96,66,0.592592592592593
2014,"BOS","Boston Red Sox",162,634,715,71,91,0.438271604938272
2014,"CHA","Chicago White Sox",162,660,758,73,89,0.450617283950617
2014,"CHN","Chicago Cubs",162,614,707,73,89,0.450617283950617
2014,"CIN","Cincinnati Reds",162,595,612,76,86,0.469135802469136
2014,"CLE","Cleveland Indians",162,669,653,85,77,0.524691358024691
2014,"COL","Colorado Rockies",162,755,818,66,96,0.407407407407407
2014,"DET","Detroit Tigers",162,757,705,90,72,0.555555555555556
2014,"HOU","Houston Astros",162,629,723,70,92,0.432098765432099
2014,"KCA","Kansas City Royals",162,651,624,89,73,0.549382716049383
2014,"LAA","Los Angeles Angels of Anaheim",162,773,630,98,64,0.604938271604938
2014,"LAN","Los Angeles Dodgers",162,718,617,94,68,0.580246913580247
2014,"MIA","Miami Marlins",162,645,674,77,85,0.475308641975309
2014,"MIL","Milwaukee Brewers",162,650,657,82,80,0.506172839506173
2014,"MIN","Minnesota Twins",162,715,777,70,92,0.432098765432099
2014,"NYA","New York Yankees",162,633,664,84,78,0.518518518518518
2014,"NYN","New York Mets",162,629,618,79,83,0.487654320987654
2014,"OAK","Oakland Athletics",162,729,572,88,74,0.54320987654321
2014,"PHI","Philadelphia Phillies",162,619,687,73,89,0.450617283950617
2014,"PIT","Pittsburgh Pirates",162,682,631,88,74,0.54320987654321
2014,"SDN","San Diego Padres",162,535,577,77,85,0.475308641975309
2014,"SEA","Seattle Mariners",162,634,554,87,75,0.537037037037037
2014,"SFN","San Francisco Giants",162,665,614,88,74,0.54320987654321
2014,"SLN","St. Louis Cardinals",162,619,603,90,72,0.555555555555556
2014,"TBA","Tampa Bay Rays",162,612,625,77,85,0.475308641975309
2014,"TEX","Texas Rangers",162,637,773,67,95,0.41358024691358
2014,"TOR","Toronto Blue Jays",162,723,686,83,79,0.512345679012346
2014,"WAS","Washington Nationals",162,686,555,96,66,0.592592592592593
2015,"ARI","Arizona Diamondbacks",162,720,713,79,83,0.487654320987654
2015,"ATL","Atlanta Braves",162,573,760,67,95,0.41358024691358
2015,"BAL","Baltimore Orioles",162,713,693,81,81,0.5
2015,"BOS","Boston Red Sox",162,748,753,78,84,0.481481481481481
2015,"CHA","Chicago White Sox",162,622,701,76,86,0.469135802469136
2015,"CHN","Chicago Cubs",162,689,608,97,65,0.598765432098765
2015,"CIN","Cincinnati Reds",162,640,754,64,98,0.395061728395062
2015,"CLE","Cleveland Indians",161,669,640,81,80,0.503105590062112
2015,"COL","Colorado Rockies",162,737,844,68,94,0.419753086419753
2015,"DET","Detroit Tigers",161,689,803,74,87,0.459627329192547
2015,"HOU","Houston Astros",162,729,618,86,76,0.530864197530864
2015,"KCA","Kansas City Royals",162,724,641,95,67,0.58641975308642
2015,"LAA","Los Angeles Angels of Anaheim",162,661,675,85,77,0.524691358024691
2015,"LAN","Los Angeles Dodgers",162,667,595,92,70,0.567901234567901
2015,"MIA","Miami Marlins",162,613,678,71,91,0.438271604938272
2015,"MIL","Milwaukee Brewers",162,655,737,68,94,0.419753086419753
2015,"MIN","Minnesota Twins",162,696,700,83,79,0.512345679012346
2015,"NYA","New York Yankees",162,764,698,87,75,0.537037037037037
2015,"NYN","New York Mets",162,683,613,90,72,0.555555555555556
2015,"OAK","Oakland Athletics",162,694,729,68,94,0.419753086419753
2015,"PHI","Philadelphia Phillies",162,626,809,63,99,0.388888888888889
2015,"PIT","Pittsburgh Pirates",162,697,596,98,64,0.604938271604938
2015,"SDN","San Diego Padres",162,650,731,74,88,0.45679012345679
2015,"SEA","Seattle Mariners",162,656,726,76,86,0.469135802469136
2015,"SFN","San Francisco Giants",162,696,627,84,78,0.518518518518518
2015,"SLN","St. Louis Cardinals",162,647,525,100,62,0.617283950617284
2015,"TBA","Tampa Bay Rays",162,644,642,80,82,0.493827160493827
2015,"TEX","Texas Rangers",162,751,733,88,74,0.54320987654321
2015,"TOR","Toronto Blue Jays",162,891,670,93,69,0.574074074074074
2015,"WAS","Washington Nationals",162,703,635,83,79,0.512345679012346
2016,"ARI","Arizona Diamondbacks",162,752,890,69,93,0.425925925925926
2016,"ATL","Atlanta Braves",161,649,779,68,93,0.422360248447205
2016,"BAL","Baltimore Orioles",162,744,715,89,73,0.549382716049383
2016,"BOS","Boston Red Sox",162,878,694,93,69,0.574074074074074
2016,"CHA","Chicago White Sox",162,686,715,78,84,0.481481481481481
2016,"CHN","Chicago Cubs",162,808,556,103,58,0.639751552795031
2016,"CIN","Cincinnati Reds",162,716,854,68,94,0.419753086419753
2016,"CLE","Cleveland Indians",161,777,676,94,67,0.583850931677019
2016,"COL","Colorado Rockies",162,845,860,75,87,0.462962962962963
2016,"DET","Detroit Tigers",161,750,721,86,75,0.53416149068323
2016,"HOU","Houston Astros",162,724,701,84,78,0.518518518518518
2016,"KCA","Kansas City Royals",162,675,712,81,81,0.5
2016,"LAA","Los Angeles Angels of Anaheim",162,717,727,74,88,0.45679012345679
2016,"LAN","Los Angeles Dodgers",162,725,638,91,71,0.561728395061728
2016,"MIA","Miami Marlins",161,655,682,79,82,0.490683229813665
2016,"MIL","Milwaukee Brewers",162,671,733,73,89,0.450617283950617
2016,"MIN","Minnesota Twins",162,722,889,59,103,0.364197530864198
2016,"NYA","New York Yankees",162,680,702,84,78,0.518518518518518
2016,"NYN","New York Mets",162,671,617,87,75,0.537037037037037
2016,"OAK","Oakland Athletics",162,653,761,69,93,0.425925925925926
2016,"PHI","Philadelphia Phillies",162,610,796,71,91,0.438271604938272
2016,"PIT","Pittsburgh Pirates",162,729,758,78,83,0.484472049689441
2016,"SDN","San Diego Padres",162,686,770,68,94,0.419753086419753
2016,"SEA","Seattle Mariners",162,768,707,86,76,0.530864197530864
2016,"SFN","San Francisco Giants",162,715,631,87,75,0.537037037037037
2016,"SLN","St. Louis Cardinals",162,779,712,86,76,0.530864197530864
2016,"TBA","Tampa Bay Rays",162,672,713,68,94,0.419753086419753
2016,"TEX","Texas Rangers",162,765,757,95,67,0.58641975308642
2016,"TOR","Toronto Blue Jays",162,759,666,89,73,0.549382716049383
2016,"WAS","Washington Nationals",162,763,612,95,67,0.58641975308642
2017,"ARI","Arizona Diamondbacks",162,812,659,93,69,0.574074074074074
2017,"ATL","Atlanta Braves",162,732,821,72,90,0.444444444444444
2017,"BAL","Baltimore Orioles",162,743,841,75,87,0.462962962962963
2017,"BOS","Boston Red Sox",162,785,668,93,69,0.574074074074074
2017,"CHA","Chicago White Sox",162,706,820,67,95,0.41358024691358
2017,"CHN","Chicago Cubs",162,822,695,92,70,0.567901234567901
2017,"CIN","Cincinnati Reds",162,753,869,68,94,0.419753086419753
2017,"CLE","Cleveland Indians",162,818,564,102,60,0.62962962962963
2017,"COL","Colorado Rockies",162,824,757,87,75,0.537037037037037
2017,"DET","Detroit Tigers",162,735,894,64,98,0.395061728395062
2017,"HOU","Houston Astros",162,896,700,101,61,0.623456790123457
2017,"KCA","Kansas City Royals",162,702,791,80,82,0.493827160493827
2017,"LAA","Los Angeles Angels of Anaheim",162,710,709,80,82,0.493827160493827
2017,"LAN","Los Angeles Dodgers",162,770,580,104,58,0.641975308641975
2017,"MIA","Miami Marlins",162,778,822,77,85,0.475308641975309
2017,"MIL","Milwaukee Brewers",162,732,697,86,76,0.530864197530864
2017,"MIN","Minnesota Twins",162,815,788,85,77,0.524691358024691
2017,"NYA","New York Yankees",162,858,660,91,71,0.561728395061728
2017,"NYN","New York Mets",162,735,863,70,92,0.432098765432099
2017,"OAK","Oakland Athletics",162,739,826,75,87,0.462962962962963
2017,"PHI","Philadelphia Phillies",162,690,782,66,96,0.407407407407407
2017,"PIT","Pittsburgh Pirates",162,668,731,75,87,0.462962962962963
2017,"SDN","San Diego Padres",162,604,816,71,91,0.438271604938272
2017,"SEA","Seattle Mariners",162,750,772,78,84,0.481481481481481
2017,"SFN","San Francisco Giants",162,639,776,64,98,0.395061728395062
2017,"SLN","St. Louis Cardinals",162,761,705,83,79,0.512345679012346
2017,"TBA","Tampa Bay Rays",162,694,704,80,82,0.493827160493827
2017,"TEX","Texas Rangers",162,799,816,78,84,0.481481481481481
2017,"TOR","Toronto Blue Jays",162,693,784,76,86,0.469135802469136
2017,"WAS","Washington Nationals",162,819,672,97,65,0.598765432098765
2018,"ARI","Arizona Diamondbacks",162,693,644,82,80,0.506172839506173
2018,"ATL","Atlanta Braves",162,759,657,90,72,0.555555555555556
2018,"BAL","Baltimore Orioles",162,622,892,47,115,0.290123456790123
2018,"BOS","Boston Red Sox",162,876,647,108,54,0.666666666666667
2018,"CHA","Chicago White Sox",162,656,848,62,100,0.382716049382716
2018,"CHN","Chicago Cubs",163,761,645,95,68,0.58282208588957
2018,"CIN","Cincinnati Reds",162,696,819,67,95,0.41358024691358
2018,"CLE","Cleveland Indians",162,818,648,91,71,0.561728395061728
2018,"COL","Colorado Rockies",163,780,745,91,72,0.558282208588957
2018,"DET","Detroit Tigers",162,630,796,64,98,0.395061728395062
2018,"HOU","Houston Astros",162,797,534,103,59,0.635802469135803
2018,"KCA","Kansas City Royals",162,638,833,58,104,0.358024691358025
2018,"LAA","Los Angeles Angels of Anaheim",162,721,722,80,82,0.493827160493827
2018,"LAN","Los Angeles Dodgers",163,804,610,92,71,0.56441717791411
2018,"MIA","Miami Marlins",161,589,809,63,98,0.391304347826087
2018,"MIL","Milwaukee Brewers",163,754,659,96,67,0.588957055214724
2018,"MIN","Minnesota Twins",162,738,775,78,84,0.481481481481481
2018,"NYA","New York Yankees",162,851,669,100,62,0.617283950617284
2018,"NYN","New York Mets",162,676,707,77,85,0.475308641975309
2018,"OAK","Oakland Athletics",162,813,674,97,65,0.598765432098765
2018,"PHI","Philadelphia Phillies",162,677,728,80,82,0.493827160493827
2018,"PIT","Pittsburgh Pirates",161,692,693,82,79,0.509316770186335
2018,"SDN","San Diego Padres",162,617,767,66,96,0.407407407407407
2018,"SEA","Seattle Mariners",162,677,711,89,73,0.549382716049383
2018,"SFN","San Francisco Giants",162,603,699,73,89,0.450617283950617
2018,"SLN","St. Louis Cardinals",162,759,691,88,74,0.54320987654321
2018,"TBA","Tampa Bay Rays",162,716,646,90,72,0.555555555555556
2018,"TEX","Texas Rangers",162,737,848,67,95,0.41358024691358
2018,"TOR","Toronto Blue Jays",162,709,832,73,89,0.450617283950617
2018,"WAS","Washington Nationals",162,771,682,82,80,0.506172839506173
2019,"ARI","Arizona Diamondbacks",162,813,743,85,77,0.524691358024691
2019,"ATL","Atlanta Braves",162,855,743,97,65,0.598765432098765
2019,"BAL","Baltimore Orioles",162,729,981,54,108,0.333333333333333
2019,"BOS","Boston Red Sox",162,901,828,84,78,0.518518518518518
2019,"CHA","Chicago White Sox",161,708,832,72,89,0.447204968944099
2019,"CHN","Chicago Cubs",162,814,717,84,78,0.518518518518518
2019,"CIN","Cincinnati Reds",162,701,711,75,87,0.462962962962963
2019,"CLE","Cleveland Indians",162,769,657,93,69,0.574074074074074
2019,"COL","Colorado Rockies",162,835,958,71,91,0.438271604938272
2019,"DET","Detroit Tigers",161,582,915,47,114,0.291925465838509
2019,"HOU","Houston Astros",162,920,640,107,55,0.660493827160494
2019,"KCA","Kansas City Royals",162,691,869,59,103,0.364197530864198
2019,"LAA","Los Angeles Angels of Anaheim",162,769,868,72,90,0.444444444444444
2019,"LAN","Los Angeles Dodgers",162,886,613,106,56,0.654320987654321
2019,"MIA","Miami Marlins",162,615,808,57,105,0.351851851851852
2019,"MIL","Milwaukee Brewers",162,769,766,89,73,0.549382716049383
2019,"MIN","Minnesota Twins",162,939,754,101,61,0.623456790123457
2019,"NYA","New York Yankees",162,943,739,103,59,0.635802469135803
2019,"NYN","New York Mets",162,791,737,86,76,0.530864197530864
2019,"OAK","Oakland Athletics",162,845,680,97,65,0.598765432098765
2019,"PHI","Philadelphia Phillies",162,774,794,81,81,0.5
2019,"PIT","Pittsburgh Pirates",162,758,911,69,93,0.425925925925926
2019,"SDN","San Diego Padres",162,682,789,70,92,0.432098765432099
2019,"SEA","Seattle Mariners",162,758,893,68,94,0.419753086419753
2019,"SFN","San Francisco Giants",162,678,773,77,85,0.475308641975309
2019,"SLN","St. Louis Cardinals",162,764,662,91,71,0.561728395061728
2019,"TBA","Tampa Bay Rays",162,769,656,96,66,0.592592592592593
2019,"TEX","Texas Rangers",162,810,878,78,84,0.481481481481481
2019,"TOR","Toronto Blue Jays",162,726,828,67,95,0.41358024691358
2019,"WAS","Washington Nationals",162,873,724,93,69,0.574074074074074
2020,"ARI","Arizona Diamondbacks",60,269,295,25,35,0.416666666666667
2020,"ATL","Atlanta Braves",60,348,288,35,25,0.583333333333333
2020,"BAL","Baltimore Orioles",60,274,294,25,35,0.416666666666667
2020,"BOS","Boston Red Sox",60,292,351,24,36,0.4
2020,"CHA","Chicago White Sox",60,306,246,35,25,0.583333333333333
2020,"CHN","Chicago Cubs",60,265,240,34,26,0.566666666666667
2020,"CIN","Cincinnati Reds",60,243,243,31,29,0.516666666666667
2020,"CLE","Cleveland Indians",60,248,209,35,25,0.583333333333333
2020,"COL","Colorado Rockies",60,275,353,26,34,0.433333333333333
2020,"DET","Detroit Tigers",58,249,318,23,35,0.396551724137931
2020,"HOU","Houston Astros",60,279,275,29,31,0.483333333333333
2020,"KCA","Kansas City Royals",60,248,272,26,34,0.433333333333333
2020,"LAA","Los Angeles Angels of Anaheim",60,294,321,26,34,0.433333333333333
2020,"LAN","Los Angeles Dodgers",60,349,213,43,17,0.716666666666667
2020,"MIA","Miami Marlins",60,263,304,31,29,0.516666666666667
2020,"MIL","Milwaukee Brewers",60,247,264,29,31,0.483333333333333
2020,"MIN","Minnesota Twins",60,269,215,36,24,0.6
2020,"NYA","New York Yankees",60,315,270,33,27,0.55
2020,"NYN","New York Mets",60,286,308,26,34,0.433333333333333
2020,"OAK","Oakland Athletics",60,274,232,36,24,0.6
2020,"PHI","Philadelphia Phillies",60,306,311,28,32,0.466666666666667
2020,"PIT","Pittsburgh Pirates",60,219,298,19,41,0.316666666666667
2020,"SDN","San Diego Padres",60,325,241,37,23,0.616666666666667
2020,"SEA","Seattle Mariners",60,254,303,27,33,0.45
2020,"SFN","San Francisco Giants",60,299,297,29,31,0.483333333333333
2020,"SLN","St. Louis Cardinals",58,240,229,30,28,0.517241379310345
2020,"TBA","Tampa Bay Rays",60,289,229,40,20,0.666666666666667
2020,"TEX","Texas Rangers",60,224,312,22,38,0.366666666666667
2020,"TOR","Toronto Blue Jays",60,302,312,32,28,0.533333333333333
2020,"WAS","Washington Nationals",60,293,301,26,34,0.433333333333333
2021,"ARI","Arizona Diamondbacks",162,679,893,52,110,0.320987654320988
2021,"ATL","Atlanta Braves",161,790,656,88,73,0.546583850931677
2021,"BAL","Baltimore Orioles",162,659,956,52,110,0.320987654320988
2021,"BOS","Boston Red Sox",162,829,749,92,70,0.567901234567901
2021,"CHA","Chicago White Sox",162,796,636,93,69,0.574074074074074
2021,"CHN","Chicago Cubs",162,705,839,71,91,0.438271604938272
2021,"CIN","Cincinnati Reds",162,786,760,83,79,0.512345679012346
2021,"CLE","Cleveland Indians",162,717,727,80,82,0.493827160493827
2021,"COL","Colorado Rockies",161,739,796,74,87,0.459627329192547
2021,"DET","Detroit Tigers",162,697,756,77,85,0.475308641975309
2021,"HOU","Houston Astros",162,863,658,95,67,0.58641975308642
2021,"KCA","Kansas City Royals",162,686,788,74,88,0.45679012345679
2021,"LAA","Los Angeles Angels of Anaheim",162,723,804,77,85,0.475308641975309
2021,"LAN","Los Angeles Dodgers",162,830,561,106,56,0.654320987654321
2021,"MIA","Miami Marlins",162,623,701,67,95,0.41358024691358
2021,"MIL","Milwaukee Brewers",162,738,623,95,67,0.58641975308642
2021,"MIN","Minnesota Twins",162,729,834,73,89,0.450617283950617
2021,"NYA","New York Yankees",162,711,669,92,70,0.567901234567901
2021,"NYN","New York Mets",162,636,668,77,85,0.475308641975309
2021,"OAK","Oakland Athletics",162,743,687,86,76,0.530864197530864
2021,"PHI","Philadelphia Phillies",162,734,745,82,80,0.506172839506173
2021,"PIT","Pittsburgh Pirates",162,609,833,61,101,0.376543209876543
2021,"SDN","San Diego Padres",162,729,708,79,83,0.487654320987654
2021,"SEA","Seattle Mariners",162,697,748,90,72,0.555555555555556
2021,"SFN","San Francisco Giants",162,804,594,107,55,0.660493827160494
2021,"SLN","St. Louis Cardinals",162,706,672,90,72,0.555555555555556
2021,"TBA","Tampa Bay Rays",162,857,651,100,62,0.617283950617284
2021,"TEX","Texas Rangers",162,625,815,60,102,0.37037037037037
2021,"TOR","Toronto Blue Jays",162,846,663,91,71,0.561728395061728
2021,"WAS","Washington Nationals",162,724,820,65,97,0.401234567901235
2022,"ARI","Arizona Diamondbacks",162,702,740,74,88,0.45679012345679
2022,"ATL","Atlanta Braves",162,789,609,101,61,0.623456790123457
2022,"BAL","Baltimore Orioles",162,674,688,83,79,0.512345679012346
2022,"BOS","Boston Red Sox",162,735,787,78,84,0.481481481481481
2022,"CHA","Chicago White Sox",162,686,717,81,81,0.5
2022,"CHN","Chicago Cubs",162,657,731,74,88,0.45679012345679
2022,"CIN","Cincinnati Reds",162,648,815,62,100,0.382716049382716
2022,"CLE","Cleveland Guardians",162,698,634,92,70,0.567901234567901
2022,"COL","Colorado Rockies",162,698,873,68,94,0.419753086419753
2022,"DET","Detroit Tigers",162,557,713,66,96,0.407407407407407
2022,"HOU","Houston Astros",162,737,518,106,56,0.654320987654321
2022,"KCA","Kansas City Royals",162,640,810,65,97,0.401234567901235
2022,"LAA","Los Angeles Angels of Anaheim",162,623,668,73,89,0.450617283950617
2022,"LAN","Los Angeles Dodgers",162,847,513,111,51,0.685185185185185
2022,"MIA","Miami Marlins",162,586,676,69,93,0.425925925925926
2022,"MIL","Milwaukee Brewers",162,725,688,86,76,0.530864197530864
2022,"MIN","Minnesota Twins",162,696,684,78,84,0.481481481481481
2022,"NYA","New York Yankees",162,807,567,99,63,0.611111111111111
2022,"NYN","New York Mets",162,772,606,101,61,0.623456790123457
2022,"OAK","Oakland Athletics",162,568,770,60,102,0.37037037037037
2022,"PHI","Philadelphia Phillies",162,747,685,87,75,0.537037037037037
2022,"PIT","Pittsburgh Pirates",162,591,817,62,100,0.382716049382716
2022,"SDN","San Diego Padres",162,705,660,89,73,0.549382716049383
2022,"SEA","Seattle Mariners",162,690,623,90,72,0.555555555555556
2022,"SFN","San Francisco Giants",162,716,697,81,81,0.5
2022,"SLN","St. Louis Cardinals",162,772,637,93,69,0.574074074074074
2022,"TBA","Tampa Bay Rays",162,666,614,86,76,0.530864197530864
2022,"TEX","Texas Rangers",162,707,743,68,94,0.419753086419753
2022,"TOR","Toronto Blue Jays",162,775,679,92,70,0.567901234567901
2022,"WAS","Washington Nationals",162,603,855,55,107,0.339506172839506
2023,"ARI","Arizona Diamondbacks",162,746,761,84,78,0.518518518518518
2023,"ATL","Atlanta Braves",162,947,716,104,58,0.641975308641975
2023,"BAL","Baltimore Orioles",162,807,678,101,61,0.623456790123457
2023,"BOS","Boston Red Sox",162,772,776,78,84,0.481481481481481
2023,"CHA","Chicago White Sox",162,641,841,61,101,0.376543209876543
2023,"CHN","Chicago Cubs",162,819,723,83,79,0.512345679012346
2023,"CIN","Cincinnati Reds",162,783,821,82,80,0.506172839506173
2023,"CLE","Cleveland Guardians",162,662,697,76,86,0.469135802469136
2023,"COL","Colorado Rockies",162,721,957,59,103,0.364197530864198
2023,"DET","Detroit Tigers",162,661,740,78,84,0.481481481481481
2023,"HOU","Houston Astros",162,827,698,90,72,0.555555555555556
2023,"KCA","Kansas City Royals",162,676,859,56,106,0.345679012345679
2023,"LAA","Los Angeles Angels of Anaheim",162,739,829,73,89,0.450617283950617
2023,"LAN","Los Angeles Dodgers",162,906,699,100,62,0.617283950617284
2023,"MIA","Miami Marlins",162,666,723,84,78,0.518518518518518
2023,"MIL","Milwaukee Brewers",162,728,647,92,70,0.567901234567901
2023,"MIN","Minnesota Twins",162,778,659,87,75,0.537037037037037
2023,"NYA","New York Yankees",162,673,698,82,80,0.506172839506173
2023,"NYN","New York Mets",162,717,729,75,87,0.462962962962963
2023,"OAK","Oakland Athletics",162,585,924,50,112,0.308641975308642
2023,"PHI","Philadelphia Phillies",162,796,715,90,72,0.555555555555556
2023,"PIT","Pittsburgh Pirates",162,692,790,76,86,0.469135802469136
2023,"SDN","San Diego Padres",162,752,648,82,80,0.506172839506173
2023,"SEA","Seattle Mariners",162,758,659,88,74,0.54320987654321
2023,"SFN","San Francisco Giants",162,674,719,79,83,0.487654320987654
2023,"SLN","St. Louis Cardinals",162,719,829,71,91,0.438271604938272
2023,"TBA","Tampa Bay Rays",162,860,665,99,63,0.611111111111111
2023,"TEX","Texas Rangers",162,881,716,90,72,0.555555555555556
2023,"TOR","Toronto Blue Jays",162,746,671,89,73,0.549382716049383
2023,"WAS","Washington Nationals",162,700,845,71,91,0.438271604938272
2024,"ARI","Arizona Diamondbacks",162,886,788,89,73,0.549382716049383
2024,"ATL","Atlanta Braves",162,704,607,89,73,0.549382716049383
2024,"BAL","Baltimore Orioles",162,786,699,91,71,0.561728395061728
2024,"BOS","Boston Red Sox",162,751,747,81,81,0.5
2024,"CHA","Chicago White Sox",162,507,813,41,121,0.253086419753086
2024,"CHN","Chicago Cubs",162,736,669,83,79,0.512345679012346
2024,"CIN","Cincinnati Reds",162,699,694,77,85,0.475308641975309
2024,"CLE","Cleveland Guardians",161,708,621,92,69,0.571428571428571
2024,"COL","Colorado Rockies",162,682,929,61,101,0.376543209876543
2024,"DET","Detroit Tigers",162,682,642,86,76,0.530864197530864
2024,"HOU","Houston Astros",161,740,649,88,73,0.546583850931677
2024,"KCA","Kansas City Royals",162,735,644,86,76,0.530864197530864
2024,"LAA","Los Angeles Angels of Anaheim",162,635,797,63,99,0.388888888888889
2024,"LAN","Los Angeles Dodgers",162,842,686,98,64,0.604938271604938
2024,"MIA","Miami Marlins",162,637,841,62,100,0.382716049382716
2024,"MIL","Milwaukee Brewers",162,777,641,93,69,0.574074074074074
2024,"MIN","Minnesota Twins",162,742,735,82,80,0.506172839506173
2024,"NYA","New York Yankees",162,815,668,94,68,0.580246913580247
2024,"NYN","New York Mets",162,768,697,89,73,0.549382716049383
2024,"OAK","Oakland Athletics",162,643,764,69,93,0.425925925925926
2024,"PHI","Philadelphia Phillies",162,784,671,95,67,0.58641975308642
2024,"PIT","Pittsburgh Pirates",162,665,739,76,86,0.469135802469136
2024,"SDN","San Diego Padres",162,760,669,93,69,0.574074074074074
2024,"SEA","Seattle Mariners",162,676,607,85,77,0.524691358024691
2024,"SFN","San Francisco Giants",162,693,699,80,82,0.493827160493827
2024,"SLN","St. Louis Cardinals",162,672,719,83,79,0.512345679012346
2024,"TBA","Tampa Bay Rays",162,604,663,80,82,0.493827160493827
2024,"TEX","Texas Rangers",162,683,738,78,84,0.481481481481481
2024,"TOR","Toronto Blue Jays",162,671,743,74,88,0.45679012345679
2024,"WAS","Washington Nationals",162,660,764,71,91,0.438271604938272
2025,"ARI","Arizona Diamondbacks",162,791,785,80,82,0.493827160493827
2025,"ATH","Athletics",162,733,817,76,86,0.469135802469136
2025,"ATL","Atlanta Braves",162,724,734,76,86,0.469135802469136
2025,"BAL","Baltimore Orioles",162,677,788,75,87,0.462962962962963
2025,"BOS","Boston Red Sox",162,786,676,89,73,0.549382716049383
2025,"CHA","Chicago White Sox",162,647,742,60,102,0.37037037037037
2025,"CHN","Chicago Cubs",162,793,649,92,70,0.567901234567901
2025,"CIN","Cincinnati Reds",162,716,681,83,79,0.512345679012346
2025,"CLE","Cleveland Guardians",162,643,649,88,74,0.54320987654321
2025,"COL","Colorado Rockies",162,597,1021,43,119,0.265432098765432
2025,"DET","Detroit Tigers",162,758,691,87,75,0.537037037037037
2025,"HOU","Houston Astros",162,686,665,87,75,0.537037037037037
2025,"KCA","Kansas City Royals",162,651,637,82,80,0.506172839506173
2025,"LAA","Los Angeles Angels of Anaheim",162,673,837,72,90,0.444444444444444
2025,"LAN","Los Angeles Dodgers",162,825,683,93,69,0.574074074074074
2025,"MIA","Miami Marlins",162,709,798,79,83,0.487654320987654
2025,"MIL","Milwaukee Brewers",162,806,634,97,65,0.598765432098765
2025,"MIN","Minnesota Twins",162,678,773,70,92,0.432098765432099
2025,"NYA","New York Yankees",162,849,685,94,68,0.580246913580247
2025,"NYN","New York Mets",162,766,715,83,79,0.512345679012346
2025,"PHI","Philadelphia Phillies",162,778,648,96,66,0.592592592592593
2025,"PIT","Pittsburgh Pirates",162,583,645,71,91,0.438271604938272
2025,"SDN","San Diego Padres",162,702,621,90,72,0.555555555555556
2025,"SEA","Seattle Mariners",162,766,694,90,72,0.555555555555556
2025,"SFN","San Francisco Giants",162,705,684,81,81,0.5
2025,"SLN","St. Louis Cardinals",162,689,754,78,84,0.481481481481481
2025,"TBA","Tampa Bay Rays",162,714,683,77,85,0.475308641975309
2025,"TEX","Texas Rangers",162,684,605,81,81,0.5
2025,"TOR","Toronto Blue Jays",162,798,721,94,68,0.580246913580247
2025,"WAS","Washington Nationals",162,687,899,66,96,0.407407407407407
